,solar_generation_kw,wind_generation_kw,household_demand_kw,grid_price_cents_kwh
2024-01-01 00:00:00,0.0,1.260423464468933,0.9499284217597129,7.363656233887328
2024-01-01 01:00:00,0.5444485114295899,0.9879352980994538,1.9360819433079166,7.474301833241136
2024-01-01 02:00:00,0.39600093817353,0.9058195852893896,1.510854778126115,8.899655213110295
2024-01-01 03:00:00,0.6828518023359745,1.2630738396380965,1.1833485547156202,7.441284766126058
2024-01-01 04:00:00,1.4855892916737066,1.4489467887922123,1.044132270112725,8.517275381377171
2024-01-01 05:00:00,2.091686393653122,1.9462831968238623,2.1355333697885492,7.781974364884615
2024-01-01 06:00:00,1.9103380370620349,1.7222970682667296,1.4023958095386242,9.027767457651983
2024-01-01 07:00:00,2.9618451668493617,1.9837175190924983,1.9848169108322635,10.546221563371162
2024-01-01 08:00:00,4.052885051372454,2.493217430273134,4.473510856325276,10.718229919077624
2024-01-01 09:00:00,4.365666763264849,2.4075180382630874,3.384966729824781,11.004566640724086
2024-01-01 10:00:00,5.018493231864268,1.9884515653041117,1.4869370461080822,11.373231043706054
2024-01-01 11:00:00,5.41268983348866,1.665486132586059,1.3057698277628955,11.553617002729709
2024-01-01 12:00:00,4.872667802463799,2.143016195079882,0.8115726234050595,11.195746833545853
2024-01-01 13:00:00,4.624445402940566,2.4028338279755963,2.559911353212077,11.888431020734625
2024-01-01 14:00:00,4.51016645905414,2.108921444606426,1.337316146870119,11.772460549255184
2024-01-01 15:00:00,4.210866260366321,2.3611675842334194,1.518576755610178,11.156736750687907
2024-01-01 16:00:00,3.0792868454023594,2.3993908328690914,2.210649547004345,11.34854655606822
2024-01-01 17:00:00,2.8751982143820247,2.3821019272810293,1.5293570480191605,20.213966114702128
2024-01-01 18:00:00,2.024626200641987,2.3226674921307118,3.901237124132071,25.007239616663394
2024-01-01 19:00:00,1.4410228397666884,1.9003212684555038,4.6452340981427644,25.302324060004914
2024-01-01 20:00:00,1.0679657021536955,2.020184991613229,3.7887960106675282,22.227466670625795
2024-01-01 21:00:00,0.7961881461596697,1.5777937463224492,3.589682376345049,20.126296903417295
2024-01-01 22:00:00,0.24943548003509794,1.7932355797666426,1.1908396940428152,12.81302201918132
2024-01-01 23:00:00,0.0,1.8509377317670521,1.2667873122851017,12.519792296815467
2024-01-02 00:00:00,0.18637591812936785,1.7461043874876718,1.5868699376706388,8.043652666826594
2024-01-02 01:00:00,0.3480128951252083,1.8612333046720009,0.79457934051687,7.667115474473636
2024-01-02 02:00:00,0.3631260886122798,1.7328006937994562,1.8562609171502131,7.483421713401709
2024-01-02 03:00:00,0.4478535992729073,1.4870301493562854,1.1270897745833977,7.389040617491606
2024-01-02 04:00:00,1.5523426063445653,1.3077124323710345,1.748671954903121,8.897683309053592
2024-01-02 05:00:00,2.2335345863566802,1.4227101525162844,1.649644358345322,6.921088964096211
2024-01-02 06:00:00,2.832033920189616,1.7094685971330097,1.5014998906724206,7.0048419285177115
2024-01-02 07:00:00,3.024015878483972,1.7460423525302164,2.688798277554996,11.96415395043047
2024-01-02 08:00:00,3.621021920801017,1.826023625178878,3.905085400198778,11.743532545932032
2024-01-02 09:00:00,4.589334945153264,2.0942688942569005,2.685304180130238,13.41318719566706
2024-01-02 10:00:00,4.692457100747586,2.1719161700955922,1.426643834213101,12.238152056452575
2024-01-02 11:00:00,5.163602761593552,1.980496676720099,1.9074768960502464,12.024942794009586
2024-01-02 12:00:00,4.982950508342741,1.8204434188823007,2.567757317732891,11.826846519011797
2024-01-02 13:00:00,4.903843944251895,1.731319172657502,1.864573122703082,11.451922257394873
2024-01-02 14:00:00,3.824505949440068,1.9857058449791125,1.894956559663906,11.812649740868286
2024-01-02 15:00:00,3.8537168011626797,1.9571235033427452,1.603581125110334,12.137977334155044
2024-01-02 16:00:00,2.8372423399288733,1.7433630010319792,1.022439738100816,11.198142942563004
2024-01-02 17:00:00,2.9641425003535815,1.859524453433017,1.2170132175819692,20.924818251169572
2024-01-02 18:00:00,1.945234459346751,1.8938468385820408,4.2133706352697295,24.876376788958638
2024-01-02 19:00:00,1.517977320464544,2.1311931590800337,4.528144772660044,24.25272498936543
2024-01-02 20:00:00,1.4099446669306956,2.0007756814626405,4.5212275866463125,21.035160586861533
2024-01-02 21:00:00,0.15188288201526653,1.7666523827519196,3.7845381743288433,19.830446506775996
2024-01-02 22:00:00,0.0,1.9820727478368072,0.9716966707723286,11.83592270829921
2024-01-02 23:00:00,0.38935612159654914,1.8599848137526285,1.328749775936324,12.659980449500056
2024-01-03 00:00:00,0.12433322999076615,1.7035248923250224,1.1173259227985297,7.268581141593929
2024-01-03 01:00:00,0.0,1.7880007290532423,1.1372865596500454,8.544279006829717
2024-01-03 02:00:00,0.0,1.8074985383691804,1.1866598745427734,7.091160344548332
2024-01-03 03:00:00,1.2580930549369074,2.36805686285405,1.0770828010181581,7.489938175978663
2024-01-03 04:00:00,1.3440009137693179,2.367406836167803,1.1928464772625684,8.17206191460841
2024-01-03 05:00:00,1.6101072115902269,2.219087560788305,2.0648679429019228,7.577003388970985
2024-01-03 06:00:00,3.245873688826935,2.3282473410425943,1.4899579202591764,6.361082597205082
2024-01-03 07:00:00,3.3486444043304404,2.239869281954464,3.204752323298466,11.093305451547014
2024-01-03 08:00:00,4.363868421758571,2.0794245899225947,4.159641835631423,13.633111544660592
2024-01-03 09:00:00,4.918250950989303,2.0206329913261682,3.436202874790796,12.655667833664879
2024-01-03 10:00:00,4.737990551411568,1.9709370311596652,1.4025305407478568,14.518414948689667
2024-01-03 11:00:00,4.467164852348389,2.315395542603292,1.56195984473403,11.608191919196388
2024-01-03 12:00:00,5.407095996042136,2.224268569790859,1.8581724803255328,12.905681587314485
2024-01-03 13:00:00,4.583634676090915,2.0625549367534215,1.135683652999489,11.609401725212297
2024-01-03 14:00:00,4.485076759300813,2.0943289334037805,2.1453984196806806,12.911567660171986
2024-01-03 15:00:00,3.513005656761974,1.8997503791487578,1.3573554883133092,12.931158788567618
2024-01-03 16:00:00,3.550526749486679,2.1186868620029347,1.1077259086246678,11.365293140224306
2024-01-03 17:00:00,2.74517752333882,2.0257002691131394,1.1983108981278607,20.021478071463935
2024-01-03 18:00:00,1.6863990038355183,2.097942557871706,3.804701321434521,23.790445477868655
2024-01-03 19:00:00,1.3742432219765306,2.3888179205366353,3.9149800898888536,24.401941559868057
2024-01-03 20:00:00,0.47826695801167796,2.276826440647887,4.508196081671202,21.118806578250858
2024-01-03 21:00:00,0.19404997790395676,2.209259060123585,4.194967222782686,20.904705155747735
2024-01-03 22:00:00,0.29072911013217617,2.053677053916663,1.3869577586262563,11.077882192753657
2024-01-03 23:00:00,0.03099703709342948,1.9531829537879537,1.2807436128230636,11.053585407003641
2024-01-04 00:00:00,0.0,1.9910459363923543,1.3516953435659034,5.57843417656559
2024-01-04 01:00:00,0.12181884704181149,1.891117285458563,1.06658322147626,7.261131753227657
2024-01-04 02:00:00,0.5572053515500002,2.2962916169508945,1.3879266659803053,9.080455879600185
2024-01-04 03:00:00,1.0621984249709173,2.3173659627531062,1.513193158669167,8.70808652799313
2024-01-04 04:00:00,1.6082831139993718,2.380969880831684,1.518449809986438,7.172342804495697
2024-01-04 05:00:00,2.4059748256244027,2.2658908558250728,1.7958241156033283,8.595622591357882
2024-01-04 06:00:00,2.9504777310579082,2.3002469384950555,1.7481006016053666,6.689166261752312
2024-01-04 07:00:00,3.022935552627299,2.402777903866786,3.05048353582043,12.673488063613805
2024-01-04 08:00:00,3.9743586627617122,1.8141199977261746,3.3010777424691833,10.874164288250142
2024-01-04 09:00:00,4.070771557337838,1.9322679620714662,3.2665804699989027,11.83647050776298
2024-01-04 10:00:00,4.78612266462029,1.7529609080697408,1.182014813893368,12.596954221866724
2024-01-04 11:00:00,5.253146189229211,1.801298394217677,1.1140767817462238,12.71250661542969
2024-01-04 12:00:00,5.507073426191204,1.7190719711303126,1.3362091193301462,11.019517311916834
2024-01-04 13:00:00,4.464272196179451,1.7898518746300678,0.39822176256770114,10.406389003699742
2024-01-04 14:00:00,4.184377403736628,2.3414013075714712,1.2069299789356567,13.105875024813157
2024-01-04 15:00:00,3.9727362765336642,1.9865871233727184,0.8686488626973503,13.483676074538533
2024-01-04 16:00:00,3.3738733193797765,2.2113648416177676,1.9400551228967227,11.020854713022135
2024-01-04 17:00:00,2.878443626051639,2.091578816917879,2.2033629418192184,20.50138763555606
2024-01-04 18:00:00,2.150321247265068,2.0296914625390117,3.7110082331032945,26.041137393130807
2024-01-04 19:00:00,1.437488890065353,1.6247292399149555,5.040766183082531,25.680201735669854
2024-01-04 20:00:00,1.108349947368874,1.139193143622338,3.7333714875463695,21.839910217204984
2024-01-04 21:00:00,0.09410315567074767,1.5759523609135002,3.8988274286223006,20.287707993025254
2024-01-04 22:00:00,0.39474014509075966,1.6213874818266873,1.000216187926394,13.381836507899077
2024-01-04 23:00:00,0.0,1.694875091298982,1.391831888915125,10.382612882191616
2024-01-05 00:00:00,0.0,1.689185333421272,1.2205865055461063,6.840561876138429
2024-01-05 01:00:00,0.0,1.6800074908021063,1.4500773431582816,9.568137266689924
2024-01-05 02:00:00,0.23410942003113108,2.040340654751901,1.0180263601008503,7.210825062267329
2024-01-05 03:00:00,0.538121434948462,1.8041235857930407,1.2676853996778545,7.462890400753203
2024-01-05 04:00:00,1.1058330711191164,1.7096714426179596,1.795689473650715,8.46604733773731
2024-01-05 05:00:00,1.805437473042028,1.3887524866103245,1.6642523205925068,7.352805763187813
2024-01-05 06:00:00,2.7949974789753655,1.5545943966230207,1.8005469106417156,8.571111080707254
2024-01-05 07:00:00,3.204321776451807,1.7837892477306276,2.2799145207306877,12.071771104419716
2024-01-05 08:00:00,4.519388713494978,1.6260311456109033,3.3809634154079817,11.903069524296015
2024-01-05 09:00:00,4.519999610763458,1.70030343550628,2.2201119588970397,11.805674975897947
2024-01-05 10:00:00,5.087571347134544,1.6203330672740404,0.868359232059139,13.511263950077733
2024-01-05 11:00:00,4.757830695590484,2.1996477795467824,1.0844069040643904,12.829179280569699
2024-01-05 12:00:00,5.049763409252657,1.9567033925011226,1.5943147225226655,10.350513293806952
2024-01-05 13:00:00,4.701282461016263,2.1007374722108927,1.0208901653389217,10.859545652112326
2024-01-05 14:00:00,4.055149469094902,2.0265553986392626,1.0888090910375805,11.150654081945303
2024-01-05 15:00:00,3.7806704503558692,2.1623026097530573,1.3624022181290956,11.707703563126934
2024-01-05 16:00:00,3.885730211455725,2.3512057553706134,1.473460950601165,11.193760587359943
2024-01-05 17:00:00,2.4317268396161698,2.256770813597398,1.6664163866855284,19.587479259903443
2024-01-05 18:00:00,2.148070407592255,2.513585537248184,4.255218460329903,24.358665651193906
2024-01-05 19:00:00,0.8958267102348837,2.0316112665632446,4.598572799253711,24.615299802674304
2024-01-05 20:00:00,0.8814576781624577,1.7226315864514785,4.103836841073803,22.501938013216954
2024-01-05 21:00:00,0.8826294291973293,1.6567194321583785,3.9643079621555315,20.684210525692865
2024-01-05 22:00:00,0.0,1.1363471937281178,1.706384044303193,12.682211088368035
2024-01-05 23:00:00,0.0,1.1721076047560859,1.9352062120316087,11.297850068286415
2024-01-06 00:00:00,0.0,1.0824717324860191,1.6919971295443523,7.870082683974451
2024-01-06 01:00:00,0.22060358414525522,1.5851097464536812,1.2866908347561432,8.793335797104712
2024-01-06 02:00:00,0.6412307684058917,2.153988284379714,1.4137540410441576,8.502815913451998
2024-01-06 03:00:00,0.3553595142940179,1.9216769476722488,1.3649497259224104,8.277853824152587
2024-01-06 04:00:00,0.9852625191798025,2.3826074036619422,1.9062050834369852,8.157551429738819
2024-01-06 05:00:00,2.3454685134153195,2.4145027007267204,1.466114937811852,7.061363724975484
2024-01-06 06:00:00,2.4814274740207654,2.2777084370630205,1.5488663910564613,8.449777416421513
2024-01-06 07:00:00,3.575007298391173,1.9787704078526334,2.2972238060457433,11.907417088240447
2024-01-06 08:00:00,4.0406399936160895,1.5766523872648255,3.7048423611327226,10.106511293843024
2024-01-06 09:00:00,4.350928467556063,1.9261669232777827,2.978579217391249,13.434743810903667
2024-01-06 10:00:00,5.362562412624887,1.8290158489524144,1.1790974548831705,12.661038176404512
2024-01-06 11:00:00,4.996024553821212,1.7787437116955678,1.7197342683709766,11.191451835159924
2024-01-06 12:00:00,4.859797766866529,1.9317905163897924,2.5216854374011555,11.129546676613161
2024-01-06 13:00:00,5.13637653996921,1.8993955058744885,1.996683158505083,9.633253862909168
2024-01-06 14:00:00,4.7490832677129475,2.0949455092153735,1.1230396428088154,11.64095217738641
2024-01-06 15:00:00,3.978897869245763,1.8217358038324738,1.6308694640243602,12.804720913647998
2024-01-06 16:00:00,2.852036074247992,1.964414594063155,1.2838469440329467,12.708728339437469
2024-01-06 17:00:00,2.824264524033468,1.7539787204598813,1.2952677623471418,20.700228791563987
2024-01-06 18:00:00,1.6348626069694254,1.5494416758646505,4.203004684709483,24.92307780455674
2024-01-06 19:00:00,1.477708457399095,1.5620029092718484,4.11798588880069,24.226291082491755
2024-01-06 20:00:00,0.8372801291825455,1.4023069613619974,4.62544428200069,23.77894331106734
2024-01-06 21:00:00,0.6587549886565639,1.6295459634456408,3.6819539844423375,20.303962041221766
2024-01-06 22:00:00,0.5457526107069799,1.4273622555830041,2.100545546470048,12.400534393915361
2024-01-06 23:00:00,0.03849595024028362,1.743404457055851,1.3196660022318074,12.140234013795888
2024-01-07 00:00:00,0.0,2.0262871883560556,1.2629810077151187,9.024066463981537
2024-01-07 01:00:00,0.0,2.1363669667204834,1.3572411562005662,8.765257813227764
2024-01-07 02:00:00,0.13994928145608532,2.308322083302559,1.4477640513453702,9.535478548858546
2024-01-07 03:00:00,0.6567601664614092,2.3713159451479022,1.1322869281075953,7.310030065764272
2024-01-07 04:00:00,1.2276565363986736,2.3525866046055115,1.7505070778104128,8.189441622142107
2024-01-07 05:00:00,2.2649142517039715,1.9818738933718676,0.7077400423515509,9.549254388603098
2024-01-07 06:00:00,2.6590989528140643,1.7549565281828727,1.2971562824707559,8.867541038324102
2024-01-07 07:00:00,3.5384586207020736,1.7179681247677063,3.212170449781847,12.524286612254462
2024-01-07 08:00:00,4.006894706029204,1.5787248144155743,3.2095367068522016,11.177248554956767
2024-01-07 09:00:00,4.6392230851190295,1.385582231138246,2.70945126811682,10.76636613676297
2024-01-07 10:00:00,4.797932256864056,1.3438377623176543,1.6248554237732473,10.524414670717878
2024-01-07 11:00:00,4.826235105471398,1.5514227843663069,2.600228234233419,11.78987601095995
2024-01-07 12:00:00,4.8617513359475035,2.0069360219501586,1.86933229302744,13.357685794584757
2024-01-07 13:00:00,4.810730380777425,1.9946706522937154,1.5228063108428425,12.59223876539505
2024-01-07 14:00:00,4.614322963258926,1.983845294870177,1.780613976592861,12.840657770140606
2024-01-07 15:00:00,4.059238196078651,1.9097209123314645,1.2369756490113,12.695570296357264
2024-01-07 16:00:00,3.897575944279004,2.2227133134456425,1.5451046910327917,11.57691220568776
2024-01-07 17:00:00,2.5454681561826447,2.1969991842866827,1.4370039512471415,20.77529934061875
2024-01-07 18:00:00,1.9752281949480324,2.094812960434603,4.170299364163852,24.705046571991534
2024-01-07 19:00:00,1.2066039608736074,2.1186794667129134,4.464097741662912,25.94159285334956
2024-01-07 20:00:00,0.47061727011438487,1.988425619863918,3.979269209288918,23.519551068898398
2024-01-07 21:00:00,0.07991070080252233,2.2441330407654636,3.986237110450263,20.71505481283779
2024-01-07 22:00:00,0.0,1.9869717009588495,2.1980675614169742,12.321690087101299
2024-01-07 23:00:00,0.022975594769015503,1.813544533285058,0.8645142625711468,13.442678790617308
2024-01-08 00:00:00,0.0,1.5401815118847224,1.5397018297077225,6.535478202915832
2024-01-08 01:00:00,0.15499973875829412,1.6707668835317022,1.4439353528423322,7.288983849543108
2024-01-08 02:00:00,0.9204561535208922,1.7385845686716932,2.09265187472049,8.479551244095656
2024-01-08 03:00:00,0.17619539270308682,1.7105812320279838,2.2128582285805334,8.507366062031988
2024-01-08 04:00:00,1.5763549216554607,1.8522465443296119,1.7290739142109621,7.316611774305505
2024-01-08 05:00:00,1.596073797717974,2.2447416164729908,1.5156201668775213,7.592102532386407
2024-01-08 06:00:00,2.620577073347119,1.9457985927092427,1.5831254923634668,6.708180167838335
2024-01-08 07:00:00,3.330439649946715,1.8584734490354649,2.2433360189518154,10.782558092618745
2024-01-08 08:00:00,3.716234008037051,2.0670048284288973,3.1266579608232536,12.65084517896692
2024-01-08 09:00:00,4.8732542784610775,1.851500251718555,3.0207461575330155,10.465895401995754
2024-01-08 10:00:00,4.201210409308558,1.9821487392924313,1.3392648911409055,13.062838733021017
2024-01-08 11:00:00,4.994169364852117,1.8969594211053484,1.0867099169163492,12.91697929387853
2024-01-08 12:00:00,4.991650086866002,2.1989231780252148,0.7795060589286031,12.487470199203042
2024-01-08 13:00:00,4.933035082929977,2.315046669950492,1.4060909962669017,10.78460471716436
2024-01-08 14:00:00,4.966859893050451,2.150220656787323,1.5033284078268814,12.68467627478525
2024-01-08 15:00:00,4.061758226621744,2.0916397390761063,0.9448193024741599,12.036546392195147
2024-01-08 16:00:00,3.1109702067622864,1.8203700429278278,1.523358871459321,12.766649818792775
2024-01-08 17:00:00,2.486155899270159,1.7662607032755566,0.9267239326435811,19.157546986877936
2024-01-08 18:00:00,1.5171764120243063,1.9372657074247301,4.29486263811132,25.94639404786269
2024-01-08 19:00:00,1.132520249328047,1.886142575612735,4.462481838911037,25.21755778779647
2024-01-08 20:00:00,0.699850197419896,2.0128810897098677,4.073474918907939,21.223353713028427
2024-01-08 21:00:00,0.3283390233638769,2.1654078078344066,3.5013923356577585,19.94039818612565
2024-01-08 22:00:00,0.03504339659027446,2.363004292426682,1.7424304696697246,13.927952005679177
2024-01-08 23:00:00,0.546395128545482,2.332700493016864,1.5496757210306364,11.929444401234266
2024-01-09 00:00:00,0.0,2.5372261225622834,0.9838384773302962,8.447133308838625
2024-01-09 01:00:00,0.14139415739529787,2.4665431811370238,1.3942988773669054,7.183741649628672
2024-01-09 02:00:00,0.7023851889982795,2.2092461827558023,1.3809047526357645,9.705169446412176
2024-01-09 03:00:00,0.6582427224862342,2.092716924286059,1.7172081428991106,9.524492023767866
2024-01-09 04:00:00,1.1445849822813905,1.9825844874194638,0.2864983555978373,8.477317088428059
2024-01-09 05:00:00,1.7305125127439913,2.0113169609264516,1.069348561935008,5.87147800570224
2024-01-09 06:00:00,2.7517438430919423,1.898028794883911,1.4052186391903092,9.092817727008256
2024-01-09 07:00:00,3.2499729007760214,1.7500494690619304,2.286343316158016,12.766354755227932
2024-01-09 08:00:00,4.063253590210098,1.9533142185787804,3.615319366507631,10.969746952611999
2024-01-09 09:00:00,4.577815161008324,2.0708072364971915,3.4892042382844446,11.854737960935411
2024-01-09 10:00:00,4.763877576168119,1.7088667602943388,1.7303704376413438,12.377516622651141
2024-01-09 11:00:00,4.9891997435928355,1.7470825384075994,1.8417656750298599,12.616462524171087
2024-01-09 12:00:00,4.3215664390647675,1.9190867796987086,1.2664274036861696,13.274633004566724
2024-01-09 13:00:00,4.848342155233248,2.1926999590864646,1.4168940452537084,11.502592636777553
2024-01-09 14:00:00,4.249582391513491,2.4084254635385793,1.396071517203833,12.573254540169758
2024-01-09 15:00:00,3.8590791127794164,2.287882806157624,1.146073600822184,11.525316426261076
2024-01-09 16:00:00,3.9702859144334486,2.6235894147704393,0.864836467441098,12.332297917472761
2024-01-09 17:00:00,2.784388623838935,2.776464014716981,1.7031700628834754,20.037981548760005
2024-01-09 18:00:00,2.312074967380593,2.505691885096463,4.091997548734002,24.309517723574185
2024-01-09 19:00:00,0.7674339348392278,2.243486547933257,4.281297775429794,24.55809928074675
2024-01-09 20:00:00,0.71169664507083,2.3014436113976147,3.806874275668147,21.989251540322766
2024-01-09 21:00:00,0.1554183464153263,2.5410246426800778,3.7651049286357994,19.48923128355482
2024-01-09 22:00:00,0.19313528131939747,2.578181850291782,0.5585254893423425,11.81268711782481
2024-01-09 23:00:00,0.5901041228510268,2.1647365375856924,1.399789666676545,11.697076263252379
2024-01-10 00:00:00,0.0,2.354934478063328,1.3273545830243556,7.176923207630807
2024-01-10 01:00:00,0.35735092240172645,2.1507855359401744,1.7058941268623178,7.951526952193031
2024-01-10 02:00:00,1.0196216781167806,2.0422369348514766,1.66264238562327,6.681877756292631
2024-01-10 03:00:00,1.2812370933202355,2.1479120081019123,1.395809636501954,8.60675090933487
2024-01-10 04:00:00,1.5857612245763062,2.153505930975205,1.5449809738825773,8.465602432196121
2024-01-10 05:00:00,1.7887529641027295,2.0660021330566045,1.0400277141739223,5.876320082731501
2024-01-10 06:00:00,2.271088025914097,1.7624862510809727,1.4145156851152894,6.367701089047186
2024-01-10 07:00:00,3.525059031234691,1.8161611158121558,2.3630268728324606,11.931845857180619
2024-01-10 08:00:00,3.8628326150520573,2.0535555254242635,3.5292063133732166,12.951464514117639
2024-01-10 09:00:00,4.252237994356835,1.7551272359805938,3.3444800569340414,12.586638680073959
2024-01-10 10:00:00,4.515114447047217,1.5214977086018067,1.7956800157980897,13.402309542268068
2024-01-10 11:00:00,4.993622206842412,1.9456374938333916,1.701839499411165,11.316493922294919
2024-01-10 12:00:00,5.100716788036639,1.9140662078090447,1.3589373560377862,13.033996261988497
2024-01-10 13:00:00,4.7356788025942835,2.178177350165471,1.3364806142531886,10.596797580289559
2024-01-10 14:00:00,4.530387389100275,1.4755197639220203,1.5760737173614334,13.122816033772073
2024-01-10 15:00:00,3.7425061055916977,1.3300516933379392,1.0979633840660172,12.077274350857664
2024-01-10 16:00:00,3.186569617064893,1.6919078918956447,1.3208961938123283,11.839157513577161
2024-01-10 17:00:00,2.6319948279682914,1.7537273246216387,1.4331983589575576,20.332589958141433
2024-01-10 18:00:00,1.9659336934426763,1.6768195085162512,3.5712816629054354,24.647546696028304
2024-01-10 19:00:00,1.0918341096093216,1.5490720138519076,3.7509111505143347,24.879067165612682
2024-01-10 20:00:00,0.8934610058413522,1.3962158515162086,4.266707313478093,23.53375790184566
2024-01-10 21:00:00,0.4450443860501877,1.6877835840281683,3.9626819086309677,19.563538021850896
2024-01-10 22:00:00,0.26646503150620227,1.43360035615667,1.3181740407126252,13.57771565395159
2024-01-10 23:00:00,0.14834125286066285,1.2268185726189917,1.2309635131292889,13.494331127051613
2024-01-11 00:00:00,0.08896357110278184,1.6167529187375458,1.908727458038816,6.276880468808679
2024-01-11 01:00:00,0.3248491438481185,1.8830238078860788,1.3822864401775075,6.339243392482513
2024-01-11 02:00:00,0.5889478766747616,2.66313723932625,1.670502532106625,8.456127849862634
2024-01-11 03:00:00,0.6415501560100527,2.366550938343158,1.624538477570764,6.663363153097541
2024-01-11 04:00:00,1.2374376658475774,2.2725030737083665,1.5251466418220043,9.098569160904539
2024-01-11 05:00:00,1.755061890582865,2.283100048333868,0.9431753976808596,9.232460747389165
2024-01-11 06:00:00,2.2676306644676862,1.7463810889414892,1.2073136433507008,5.848965330119827
2024-01-11 07:00:00,3.6334881818276146,1.9400550142330122,2.3447287229732248,11.631238478516911
2024-01-11 08:00:00,3.786769870912099,1.8135015032401485,4.0262837551016055,12.875811660983423
2024-01-11 09:00:00,4.416424391117516,2.0535864828370687,3.6059778306026518,12.277518580607163
2024-01-11 10:00:00,4.852975187753866,2.4012548500677253,1.8446889836498632,12.35091555392755
2024-01-11 11:00:00,5.231840181699793,2.21671872139985,0.5451738072445227,10.27371685976569
2024-01-11 12:00:00,4.931156744713417,2.603863009705232,1.4571095192156875,11.484940570530476
2024-01-11 13:00:00,5.2089376357800266,2.424127462752907,1.0700355875207785,13.67757590826466
2024-01-11 14:00:00,4.783286294540053,2.5288822292149837,1.8760191354298985,12.156595842027567
2024-01-11 15:00:00,4.096182014284392,2.375307383447732,1.363692721054465,13.64905245252725
2024-01-11 16:00:00,3.585151381292371,2.2074776455767755,1.3669907873542915,12.016765207535459
2024-01-11 17:00:00,2.453511580952878,2.3429290178678985,1.6946213877495093,20.239850838203072
2024-01-11 18:00:00,1.9898755172435976,2.430596848901916,3.9636209085940175,25.99557849692325
2024-01-11 19:00:00,1.7300745196824772,2.3662436550972545,3.7035644682669537,23.554524307388583
2024-01-11 20:00:00,0.854014639825038,2.1036936141070313,4.22613035573341,22.865370464771114
2024-01-11 21:00:00,0.7554187195794704,2.0884345600570406,4.439504965742378,18.272372987034792
2024-01-11 22:00:00,0.034031757887228134,2.257244685831376,1.5940095387265587,11.94827449672096
2024-01-11 23:00:00,0.0,2.3833370314111852,1.9260324982953017,12.075948427548404
2024-01-12 00:00:00,0.0,2.4364374973820166,1.266553767409059,7.914294890416454
2024-01-12 01:00:00,0.0,1.96644704784424,2.1285596217870713,7.09454499428539
2024-01-12 02:00:00,0.6299554899430027,2.1252505781673063,1.0057138086289903,6.544565660434385
2024-01-12 03:00:00,0.9008708482220648,2.4004999442322053,1.442253602405135,7.962882029942431
2024-01-12 04:00:00,1.8010541620198577,2.3968769438865585,1.3935689186815896,7.909814056545938
2024-01-12 05:00:00,2.0414957657130555,2.218178626847808,1.4294053101609174,9.064217669874012
2024-01-12 06:00:00,2.4592307486984684,2.2132595942982443,1.3272142055276337,8.7609465917309
2024-01-12 07:00:00,3.596505716242952,2.7362953045195226,2.144564161415549,13.3377766336011
2024-01-12 08:00:00,3.6373179870382066,2.711353878681326,3.1387823489072497,12.925578184605396
2024-01-12 09:00:00,4.670985581607633,2.5109886630137965,2.7047783087751154,12.398144971841502
2024-01-12 10:00:00,5.178755127539389,2.271990886896741,2.0834071815676927,12.317815366132395
2024-01-12 11:00:00,5.2665634961843315,2.4559000180306723,2.0691249325461225,11.282208088789757
2024-01-12 12:00:00,4.882132650386733,2.285047867799363,2.0860514630387668,11.692883681921113
2024-01-12 13:00:00,4.601176949783244,2.22396780237944,2.231638570771934,11.304153888182128
2024-01-12 14:00:00,5.016377180636525,1.8834621929200381,1.098034601065484,12.787435762097612
2024-01-12 15:00:00,3.9411235643069156,1.6674714980083511,1.323815591897402,12.78608388819911
2024-01-12 16:00:00,3.1592444294280644,1.6834746711752828,1.7262952933682638,10.028981157948447
2024-01-12 17:00:00,2.4539608198870724,1.6709041142939833,1.2316868831063617,20.809785654186715
2024-01-12 18:00:00,1.8303120389960683,1.5696097482224782,4.880278371872079,24.606535381576794
2024-01-12 19:00:00,1.635167782353421,1.277196082037027,4.764075069756894,24.672137826737977
2024-01-12 20:00:00,0.48274193783547215,1.3978255196290474,4.693896200303764,19.77512799186887
2024-01-12 21:00:00,0.13713280744369674,1.6741519016390747,3.3625954724877376,20.098102176107965
2024-01-12 22:00:00,0.4501486940158418,1.5173005022479034,1.3326118859254872,12.785495782763679
2024-01-12 23:00:00,0.0,1.4874505489168073,1.5688569964253813,11.825813680154477
2024-01-13 00:00:00,0.0,1.5746229629145174,2.273710234181697,7.269655106711031
2024-01-13 01:00:00,0.0,1.7419612132030566,1.603080887965815,6.368874700719204
2024-01-13 02:00:00,0.3307884748755438,1.6948155408494985,2.131178135167908,8.29572834899637
2024-01-13 03:00:00,0.9370943109185588,1.5737232586525043,0.9386059301457851,9.02472763980443
2024-01-13 04:00:00,1.1481373186222996,1.8190359799107956,2.248505493963391,7.241086364832012
2024-01-13 05:00:00,2.183837554496913,1.6970548175931877,2.094297819856937,9.025791474568736
2024-01-13 06:00:00,2.113665865753581,1.6002257424270478,1.6063948479186583,7.636871522474744
2024-01-13 07:00:00,3.456223424703698,1.5003954379614461,2.7483166249040973,12.306855020884692
2024-01-13 08:00:00,3.3509321011978526,1.5026602932769448,3.782927727374991,11.045985599781137
2024-01-13 09:00:00,4.479993042687474,1.97703551756345,3.036269611071287,12.693765461743961
2024-01-13 10:00:00,4.90882076188413,1.843791776353764,1.0254545342299486,13.017728206122705
2024-01-13 11:00:00,5.275119139693601,1.7849166098215132,1.044911766321809,11.398129589666032
2024-01-13 12:00:00,4.968212501326189,1.8650198280464825,1.5839916084148342,13.030364568880167
2024-01-13 13:00:00,4.610913813972048,2.040719869582656,0.6759641514362253,11.17571519667838
2024-01-13 14:00:00,4.232718845843547,2.2253513773685687,1.1434418407753943,10.25645153699807
2024-01-13 15:00:00,3.594618254987334,2.2054715668146323,1.4125102067006072,10.777529765490337
2024-01-13 16:00:00,3.7045644035532894,2.041896792314166,1.1276434363934316,11.014597722771137
2024-01-13 17:00:00,2.395037086255252,1.997081402935345,1.4516558771080499,20.482744309345968
2024-01-13 18:00:00,2.158340768284768,1.8888957702927032,3.4646397002599727,22.98407587853285
2024-01-13 19:00:00,1.3244043974968918,2.1179272393910025,5.245953342291273,26.542237890844685
2024-01-13 20:00:00,1.014584778144522,1.9991406290396043,3.6223841154220477,23.790968247595647
2024-01-13 21:00:00,0.16848883159446965,1.553405544730336,3.781567644055454,20.902939942932207
2024-01-13 22:00:00,0.3268702219101456,1.5558902915708395,1.7038938069209317,12.574500999150755
2024-01-13 23:00:00,0.05974722788433709,1.6353511352704395,2.107081162241135,12.310252651189147
2024-01-14 00:00:00,0.0,1.843802485522504,2.3263838535238497,8.352947565932569
2024-01-14 01:00:00,0.7437331577765913,1.5124345851508207,1.68642223134314,10.19324544473197
2024-01-14 02:00:00,0.5164497495524213,1.4885705484063418,1.3254119143960046,6.957956795730473
2024-01-14 03:00:00,0.829189968769532,1.7215598655699533,1.8187268522350242,7.757182003425834
2024-01-14 04:00:00,1.5961166560002165,1.9115955056625458,1.6389882071840685,10.097725210048182
2024-01-14 05:00:00,1.863363192195111,2.371798457271074,1.8414171436838997,7.9891096190058875
2024-01-14 06:00:00,2.6725320412981635,2.320413783109035,0.9882011443503561,7.929542653899447
2024-01-14 07:00:00,2.9752917108589942,2.192736731332874,2.8129163161652175,13.206743780830113
2024-01-14 08:00:00,3.7131024068214176,2.2849479873207543,3.449243143308696,11.38724570149105
2024-01-14 09:00:00,3.9480490474270153,2.1012468146742993,2.982330543957194,11.500189481438799
2024-01-14 10:00:00,5.403653345185894,2.2520157055505874,1.2011301890191228,12.423572950027573
2024-01-14 11:00:00,5.296314628443503,1.86196560914071,1.1269812741239174,10.638070533751069
2024-01-14 12:00:00,4.9018879385402325,1.8490873570029231,1.278947862019955,11.47884994564634
2024-01-14 13:00:00,5.0333439906173165,2.1838904371028667,2.1419217880787733,12.354769358234815
2024-01-14 14:00:00,4.652707391305212,2.289534544525859,1.7741466361759868,11.55890777412615
2024-01-14 15:00:00,3.845487079742233,2.2604252884502727,2.081682044879125,10.46374501065931
2024-01-14 16:00:00,3.126156024615701,2.0532940036229825,1.5927475868821777,11.142234350978304
2024-01-14 17:00:00,2.58152727952662,2.1167646496215613,0.5079235455628911,21.032928248110068
2024-01-14 18:00:00,2.5779626364988784,1.9192753553193187,3.8350687081856627,25.63824796630016
2024-01-14 19:00:00,1.2353672358925298,1.6471458812373019,4.56294611444017,24.63673734910706
2024-01-14 20:00:00,0.8074944721698435,1.8079377820149138,4.160842274904307,20.010914676265216
2024-01-14 21:00:00,0.22572598477534445,1.8308679077924388,3.439386457468575,20.249855436354345
2024-01-14 22:00:00,0.0,2.0014222025487864,1.254784599331179,11.803477428905442
2024-01-14 23:00:00,0.1574102881069499,1.7669129401187564,1.1798732243912045,11.935444968858702
2024-01-15 00:00:00,0.0,1.925130718922458,1.1778101394741625,9.179781008738459
2024-01-15 01:00:00,0.12901162241600483,2.1381491071108347,1.759069961076344,7.794339519218119
2024-01-15 02:00:00,0.5713760347200604,1.9794956283496505,0.7257246282188103,9.372447677446655
2024-01-15 03:00:00,0.6654287006083897,2.2005154611769293,1.6730691581850698,8.88818200567706
2024-01-15 04:00:00,2.0413400083280537,2.108965314898071,2.182921197521056,8.439908306826316
2024-01-15 05:00:00,1.870425016560859,2.388057231160819,1.3777957324591508,8.872317608413002
2024-01-15 06:00:00,2.6137229234024906,2.136060627472903,1.9306319023511187,7.445794395723295
2024-01-15 07:00:00,3.4201837534610555,1.9078075319981178,2.442778825181066,10.794664377722237
2024-01-15 08:00:00,3.998123807594272,1.7760268908496952,3.3059491489647472,13.225633973904152
2024-01-15 09:00:00,4.84738639213257,1.640637439417091,2.9462221018029746,12.106684469041078
2024-01-15 10:00:00,4.789553261718573,1.548711694184463,1.1288895614677543,10.643878465971643
2024-01-15 11:00:00,5.366721541779191,1.4713477964913941,0.55495152813151,12.060603608594011
2024-01-15 12:00:00,4.900377525478009,1.932279543394792,1.8827857759028523,13.255735709199065
2024-01-15 13:00:00,4.434462265592285,1.8738520803449965,1.0901520811139,11.943202181598812
2024-01-15 14:00:00,4.133625178386712,2.0420890992129523,1.6860405493337987,12.315869883268968
2024-01-15 15:00:00,3.7800590331487656,2.0467529733843177,1.489392816825263,10.90740854534808
2024-01-15 16:00:00,3.866965581965908,2.275501506382435,1.25254211843284,12.522808986536232
2024-01-15 17:00:00,2.893795380263215,2.143347424595166,1.2655225225032978,20.34092328694444
2024-01-15 18:00:00,1.6037069043708587,2.0683065457743086,3.9212973017077863,23.516941719487285
2024-01-15 19:00:00,1.3441429276918668,2.2118013507161325,4.0597497385249275,25.40933814855745
2024-01-15 20:00:00,1.0232212729793888,2.3429323225414964,4.274443657425354,22.93805642294135
2024-01-15 21:00:00,0.5097530003070486,2.568739398191623,4.0001993778787925,19.81971677076744
2024-01-15 22:00:00,0.0037259843512876117,2.3377695320104315,1.6228642797749688,12.121147784281229
2024-01-15 23:00:00,0.10964391024322888,2.6571161942745087,0.4362844720379311,12.94849023610428
2024-01-16 00:00:00,0.0,2.573594368835041,0.9013526124277014,7.629766875676508
2024-01-16 01:00:00,0.0570664472122403,2.537387944161305,1.2074464420927893,8.584153509233499
2024-01-16 02:00:00,0.3954665087729397,2.4316703700292,1.6199709038014225,7.136960963341782
2024-01-16 03:00:00,0.6873267834727733,2.4509282964348422,1.789885552532008,7.948067155779327
2024-01-16 04:00:00,1.3522747683191514,2.6666463970480794,2.411486282531195,8.102426221735584
2024-01-16 05:00:00,1.821421393677961,2.347869161886246,1.4399088498449697,9.338475202000168
2024-01-16 06:00:00,2.9236776805310005,2.402935593270193,1.422935915469151,7.349133308853354
2024-01-16 07:00:00,3.3456880638539284,2.450153777643688,2.854007339482838,11.584657695855086
2024-01-16 08:00:00,3.7876066092328213,1.9854840678434946,3.7700647163408028,12.206556552915384
2024-01-16 09:00:00,4.18394686181502,1.9546439665375803,2.775719631152578,11.598009292452543
2024-01-16 10:00:00,5.060066866746467,1.8241527203457124,1.2611549102404778,13.855611696772533
2024-01-16 11:00:00,5.245116566742419,1.8555725835850545,1.7545208883655237,10.695766351647508
2024-01-16 12:00:00,5.37649880945402,2.1215131994388194,2.09305903323375,10.76977834749178
2024-01-16 13:00:00,4.346173372942333,1.8882490735282982,1.4231275461802277,13.514764147302154
2024-01-16 14:00:00,4.779830635297572,2.346719981691271,1.8139349026791516,11.367984069753406
2024-01-16 15:00:00,4.2962169305816404,2.0156968023278625,1.2074262863641991,12.045482922648059
2024-01-16 16:00:00,3.0194153499017116,1.9706273663446356,1.0089476625132165,10.522229277108323
2024-01-16 17:00:00,2.4570014740629196,2.0334051562408266,2.0449124484240366,20.651130635272843
2024-01-16 18:00:00,2.0479569820232775,1.7285786305516933,4.225366816457626,24.994103186566715
2024-01-16 19:00:00,1.4652275212204773,1.8329837411746503,4.244911278299182,25.184978430106572
2024-01-16 20:00:00,0.33142373701003275,1.5645605476207705,4.529362438353893,19.53809438508495
2024-01-16 21:00:00,0.5322338409472771,1.608002266362907,3.715523214340507,20.281239607336012
2024-01-16 22:00:00,0.14659160850970457,1.5270632436570424,1.4999592125294146,11.04631350102949
2024-01-16 23:00:00,0.6007502187818075,1.5073686665432877,1.135259061195358,12.894245851105413
2024-01-17 00:00:00,0.0,1.3594993724110829,1.5313073539003323,7.492838636112589
2024-01-17 01:00:00,0.06656712048624619,1.2367269668519396,2.1763851145851993,7.292515975899425
2024-01-17 02:00:00,0.0,1.5265187679555332,1.562890801387047,7.979549017662908
2024-01-17 03:00:00,1.2359732802006727,1.487352753891492,1.3362455130945665,7.828808123745712
2024-01-17 04:00:00,1.2088125631464288,1.4510994313653185,1.7780337354246605,8.446601334008445
2024-01-17 05:00:00,2.1170089701578307,1.6402083264869463,0.8076945856036355,8.599993837772724
2024-01-17 06:00:00,2.1875532653030474,1.9510947859222687,1.0191006866309542,9.147424560927224
2024-01-17 07:00:00,3.2772422195159954,2.323892987274986,2.600389129045046,12.832031007896914
2024-01-17 08:00:00,4.17952304634441,2.208503803205185,3.7212183897519604,10.929593337009715
2024-01-17 09:00:00,4.508130561498035,2.3078511601360776,2.392519641450704,11.864979264326497
2024-01-17 10:00:00,4.478217188251242,2.6685628966135986,1.2407835618008942,12.702868207723274
2024-01-17 11:00:00,4.653098510042223,2.5044044361131994,1.7955127376526279,12.078357000697372
2024-01-17 12:00:00,4.679733672982494,2.300309341252728,1.8504931078183466,11.556630501264337
2024-01-17 13:00:00,4.868168172955743,2.223309593415703,1.2553409502285198,13.310940783565789
2024-01-17 14:00:00,4.478046807384616,2.229134653664541,1.7712318254739867,13.109653240965644
2024-01-17 15:00:00,3.546213392071099,2.263323024032743,1.1488438273179504,12.402531396081963
2024-01-17 16:00:00,2.9786562965554886,2.231493535534963,1.1695966675238403,11.783443746583444
2024-01-17 17:00:00,2.5611165831921907,2.0493204637462408,1.5028268668161384,18.632270579919734
2024-01-17 18:00:00,1.5875407166542967,1.6925835347506235,3.946893019933509,26.097036296749494
2024-01-17 19:00:00,1.485683434544817,1.6217628237246737,4.753791569467746,24.952051519623787
2024-01-17 20:00:00,0.7772168990671072,1.831206091533893,4.482427095639996,22.810417274301095
2024-01-17 21:00:00,0.0,1.5564478055142754,3.621122855256317,20.132597471756718
2024-01-17 22:00:00,0.4671941312120005,1.5507654094061998,1.7868300751476314,11.720239970915511
2024-01-17 23:00:00,0.0,1.540836327461659,1.4538541241502816,12.065340356376133
2024-01-18 00:00:00,0.37760621765951563,1.7362840325681095,1.7735786600049361,9.323283057877612
2024-01-18 01:00:00,0.0,2.0758523564657003,1.7788984187797268,6.07278479788023
2024-01-18 02:00:00,0.2217937687251062,1.6136691271153172,1.060576368841496,8.623043413286187
2024-01-18 03:00:00,0.7376405425347431,1.6444309507779977,0.739337227362848,10.416294855081393
2024-01-18 04:00:00,1.5303323679661636,1.6417071531383518,1.1755660943185995,6.247374917881662
2024-01-18 05:00:00,1.9280727581020585,2.126868773628003,0.8071230059004224,8.414868860875925
2024-01-18 06:00:00,2.5376447553827988,2.422915412831383,1.7837333315697306,8.20489400409107
2024-01-18 07:00:00,3.432371776252755,2.0223172197823454,2.6662043579445873,12.205414784265342
2024-01-18 08:00:00,3.954420292614636,2.1873243936170006,3.695499175906803,12.802748369400911
2024-01-18 09:00:00,4.247423497295477,2.585935178572928,3.470952759755953,9.354283735799925
2024-01-18 10:00:00,4.997822994943324,2.620797878913152,1.1881693420937756,12.304460063033336
2024-01-18 11:00:00,4.484775701647435,2.3308622011308633,0.9891745433641816,10.817524484954436
2024-01-18 12:00:00,4.867841729709322,2.2261274934530917,1.4964270820824956,10.874250198278906
2024-01-18 13:00:00,4.48256229702582,2.4841419041228727,1.8771062254085522,11.282737310813449
2024-01-18 14:00:00,4.299593304956507,2.516143611452654,1.664231228209514,13.116031872249634
2024-01-18 15:00:00,4.0390225718762,2.3346912299065443,0.9343781927091873,12.54359412587698
2024-01-18 16:00:00,2.706901796392539,2.454918192974547,1.7302718041162468,11.929913376493884
2024-01-18 17:00:00,2.889634832869227,2.637752065710498,1.732154745438877,19.54271489353037
2024-01-18 18:00:00,1.797513588326963,2.6573810289147066,3.752884155765317,24.280536834072656
2024-01-18 19:00:00,0.874207476325744,2.5257898785346202,4.202884284158781,26.608375425357924
2024-01-18 20:00:00,0.4576167893998398,2.5882246107243296,4.233477463299789,22.165887462124243
2024-01-18 21:00:00,0.09892180594085381,2.2417119785108617,3.6204665965977982,20.712016678838356
2024-01-18 22:00:00,0.5638565669318595,2.2649677487891235,1.2472845313948104,13.097308726517223
2024-01-18 23:00:00,0.0,1.966579929451317,1.752705472961053,11.394628682540283
2024-01-19 00:00:00,0.0,1.7672120290263102,1.3185441382989287,8.711066431449847
2024-01-19 01:00:00,0.0,1.5860915696143654,1.6790356875947938,8.917723954052876
2024-01-19 02:00:00,1.2151950448083861,1.4443038850969767,1.7626108580332485,7.906060175213579
2024-01-19 03:00:00,0.7994173149030313,2.0298563567479553,1.345481323845711,8.579951520515577
2024-01-19 04:00:00,0.9997775528604862,2.1184446226697538,1.5651567098400139,8.812703222639522
2024-01-19 05:00:00,2.129618043854581,2.1657002175727604,2.2833771949744426,6.466927449908608
2024-01-19 06:00:00,2.695129998576342,2.2300140100632593,1.8603482742346318,7.641235470383939
2024-01-19 07:00:00,2.88393134909383,2.5072448132923526,2.6360903845853008,11.290252962267687
2024-01-19 08:00:00,3.791290308652442,2.3848675166979096,3.906385858081478,12.31181602272923
2024-01-19 09:00:00,3.891869465866151,2.186443770530731,3.085576142871091,12.041666080120693
2024-01-19 10:00:00,4.798764412205901,1.9101515405099299,1.1014822479380335,14.726190400326399
2024-01-19 11:00:00,4.587611460793203,2.119785632557453,1.0039651118952857,13.025103612529072
2024-01-19 12:00:00,4.930058035008067,2.1731946201847605,1.3042864872931512,13.026373386148938
2024-01-19 13:00:00,5.023364471078447,2.0057688784920127,0.6847431340672481,11.84603327667858
2024-01-19 14:00:00,4.874393679577733,2.411137963316873,0.5877103971980361,11.13922310026692
2024-01-19 15:00:00,3.535792968926715,2.3143918912860664,1.375416052308935,13.119287358389464
2024-01-19 16:00:00,3.747216389410252,2.144204150780254,2.172436995382349,10.697027355970995
2024-01-19 17:00:00,2.1976517464104175,2.019248442893669,1.1805260722087758,21.73820919135379
2024-01-19 18:00:00,1.6836034433873968,2.249060314950896,4.876691875103405,24.21827096352504
2024-01-19 19:00:00,1.124166371958667,2.347813530960121,4.64914216252591,24.344322618968896
2024-01-19 20:00:00,1.398940651991338,2.182232627703445,4.813211515572125,21.045880236998975
2024-01-19 21:00:00,0.11475037435643543,2.267091344244955,3.906086970498871,19.3486580441306
2024-01-19 22:00:00,0.0,2.636692230279738,1.1211319815615677,11.400803142066438
2024-01-19 23:00:00,0.580172036791866,2.625205801024674,1.7038835964179524,11.767085393492941
2024-01-20 00:00:00,0.0963939160083045,2.458335745793256,1.5467946326043842,10.14197414075656
2024-01-20 01:00:00,0.0,2.309397917311924,2.071155531292407,8.113273767379562
2024-01-20 02:00:00,0.44939625641534897,2.1998329544895214,1.813700422764227,7.34151804386017
2024-01-20 03:00:00,0.6908481855645517,1.8665111108248074,0.6698271131666409,8.044579185734447
2024-01-20 04:00:00,1.1794573376415913,1.6278307494194084,1.7740528372081448,8.43811953041462
2024-01-20 05:00:00,2.157521648849746,1.9343224233484733,2.025175776724965,7.837083860654291
2024-01-20 06:00:00,2.1641979868432424,2.048132839021834,1.0759195114785363,7.912139415451671
2024-01-20 07:00:00,3.168308410134697,1.9953891145475933,2.447513160139136,11.50066653986467
2024-01-20 08:00:00,3.5850115306807155,2.065623618272108,3.436468117298763,11.194745641943022
2024-01-20 09:00:00,4.506643705419278,2.5170733031817214,3.4115920899096803,11.744225197586452
2024-01-20 10:00:00,4.3090372982558005,2.4852379851719055,1.2353664751734859,11.619575949194108
2024-01-20 11:00:00,4.971466164613921,2.0252356205793194,1.4270221687978388,12.189856479551695
2024-01-20 12:00:00,5.131726469186055,2.137616962563301,1.6836006594745967,12.530160968341598
2024-01-20 13:00:00,4.98719532913354,2.298129907318098,1.455255522328475,12.055365755148703
2024-01-20 14:00:00,4.415680794599722,2.5282789325186736,1.35858279243634,9.575841538430074
2024-01-20 15:00:00,3.837082522439812,2.1788444536835017,1.7087430712329363,11.990853578191214
2024-01-20 16:00:00,3.9030350938862526,2.1540196719638867,1.7055691603497793,12.390435734188364
2024-01-20 17:00:00,2.910544346365874,2.3241719422655627,2.0685876014201354,20.36037998246386
2024-01-20 18:00:00,1.7553636005892868,1.7784600055289348,3.5910832534240074,26.350371442921578
2024-01-20 19:00:00,1.2283354745153177,1.5496619905496323,4.069705228999378,26.11109332485722
2024-01-20 20:00:00,0.7822823747975696,1.5694133156639278,3.7260449241335256,19.592635620406718
2024-01-20 21:00:00,0.0522017965094822,1.697418416322958,4.438439846977494,19.939796682896105
2024-01-20 22:00:00,0.5790161519057724,1.789697515802918,1.1899344457875898,12.023392223385326
2024-01-20 23:00:00,0.0,1.640335009182876,1.377845760962558,11.75393170935147
2024-01-21 00:00:00,0.0,1.885059912485847,1.4565520752723087,7.050775134927814
2024-01-21 01:00:00,0.34622721555819364,2.226888309132225,1.1882266875323466,7.990593708514111
2024-01-21 02:00:00,0.7152290169443116,2.050209755262149,1.56158492346853,6.681522876218606
2024-01-21 03:00:00,1.2395996244384493,2.1068416776459644,1.801388020840917,7.686799751888679
2024-01-21 04:00:00,1.6274173614135645,2.073946047711877,1.8432672790202929,8.97733243969445
2024-01-21 05:00:00,1.6207893914424605,2.2265374909732953,1.4348676879857243,8.733100751014849
2024-01-21 06:00:00,2.224139681888468,2.527336464786705,1.3678514036437281,9.018758330103484
2024-01-21 07:00:00,3.4545153053406796,2.258286745970544,2.1682399912415566,12.68847705457023
2024-01-21 08:00:00,3.4908701103856026,1.981949853511779,3.2872476445075676,14.129349317327112
2024-01-21 09:00:00,4.442204559504857,2.2295830028384804,2.9450359461115285,10.80538145504117
2024-01-21 10:00:00,5.2487115758803755,2.1682546473288036,1.5896658498903862,13.371211761005435
2024-01-21 11:00:00,4.600344416674111,2.155049398497057,1.8416536644154768,12.487194973043493
2024-01-21 12:00:00,5.389367900515962,1.7029375713612156,2.0723532220069787,11.820205971793998
2024-01-21 13:00:00,4.903026841217497,1.8440198298650727,1.3900460619254702,13.524214675292622
2024-01-21 14:00:00,3.8012065748170643,1.8156941822008033,1.4030895186324508,11.71122949571052
2024-01-21 15:00:00,3.9027259777751233,1.5802266653028816,1.3223780876808888,12.056443923251456
2024-01-21 16:00:00,3.435953634347457,1.629516370832583,1.437753813454327,12.255069216795938
2024-01-21 17:00:00,2.408370089978766,1.6797394787800386,1.13931457985782,20.180934432585552
2024-01-21 18:00:00,1.7652544041190747,1.6562465697136863,4.202492761393972,23.385211012821813
2024-01-21 19:00:00,1.1585717403791345,1.6525749991633905,4.990113806524416,23.937761975375814
2024-01-21 20:00:00,0.8707425360725385,2.1953758769690768,4.864145642299223,21.077497956877675
2024-01-21 21:00:00,0.5482837206220392,2.2504314278682975,3.859648196816587,20.144833177911487
2024-01-21 22:00:00,0.6273653346145457,2.3731881153537095,1.9207456083106498,13.328350378830713
2024-01-21 23:00:00,0.0,2.127793938870794,2.0557005066779386,11.66820613176325
2024-01-22 00:00:00,0.19314570273456225,2.598421116553385,1.432367520810575,9.958019896814942
2024-01-22 01:00:00,0.0,2.6555307564131483,2.613126098590694,6.887808942359197
2024-01-22 02:00:00,0.8332722951399631,2.0432758426978928,1.7233012932186016,7.542174435520551
2024-01-22 03:00:00,0.35902503115961654,1.9652776518654542,1.908600545417358,7.912350538217731
2024-01-22 04:00:00,1.5701385191312864,1.62017914607966,1.7249146010549907,6.448181191166764
2024-01-22 05:00:00,2.6708110307056647,1.7636471624356433,1.488706973912727,6.9947366169244845
2024-01-22 06:00:00,2.932059431081848,1.32534256031469,1.4993877074296404,8.259345538148912
2024-01-22 07:00:00,3.3320862753313154,1.451796566957842,2.5468077106380145,12.778566164424673
2024-01-22 08:00:00,4.069832012961272,1.8712817827057957,2.403325215596208,11.536034731071075
2024-01-22 09:00:00,4.124898827162347,2.145701402854916,2.3043681262564313,12.790060006663026
2024-01-22 10:00:00,4.989476810077035,2.454646738503935,1.5635349102219787,13.545779771979166
2024-01-22 11:00:00,5.152208322100501,2.5303117426988435,1.3803431744253734,10.199052307546173
2024-01-22 12:00:00,4.646302611983851,2.8528621381595642,1.291921595159609,13.48035243651647
2024-01-22 13:00:00,5.151297969312751,2.6421611939118104,1.820294870493789,12.391833496443422
2024-01-22 14:00:00,4.8794337046623415,2.6936962321195295,2.3890903562861703,10.06519378146694
2024-01-22 15:00:00,4.106157962984368,2.481993800064253,1.3467393937649057,11.851830409561664
2024-01-22 16:00:00,3.1294748817740317,2.378824006714504,2.375871243501039,11.84872211740552
2024-01-22 17:00:00,2.699803782657586,2.621301706750028,1.488015673940407,20.403478783212392
2024-01-22 18:00:00,1.6993465331714976,2.8141758451376195,3.6491002864339794,24.41901345444496
2024-01-22 19:00:00,1.349035150072865,3.0206328837265706,3.576959436751798,26.20988942524923
2024-01-22 20:00:00,0.9926803965533466,2.804495210619729,4.151448746801675,20.996535924060325
2024-01-22 21:00:00,0.1569475323426389,2.7924023005490284,3.2729209443465277,19.304826558540547
2024-01-22 22:00:00,0.36311773715194,2.9492303064927685,1.2251219407961358,11.095033104913218
2024-01-22 23:00:00,0.5331666502781897,2.4079005555712065,1.9110771951064778,12.040574747667172
2024-01-23 00:00:00,0.21856249679567138,1.6575560881419296,1.5898068698656445,6.884491150861737
2024-01-23 01:00:00,0.0,1.4501523664553462,1.517970351051508,5.8437563208730126
2024-01-23 02:00:00,0.0,1.5812605989919877,1.7696140752791287,6.41334411198737
2024-01-23 03:00:00,0.5341368487651179,1.539896560412173,1.8840604060725958,8.726734387557705
2024-01-23 04:00:00,1.013526668777481,1.41327347665848,1.8193132615709768,7.155907307764086
2024-01-23 05:00:00,2.141837342255293,2.027195834725787,1.3055329572752197,8.595990048886192
2024-01-23 06:00:00,3.077882975314304,2.328773639555877,1.0908404634806437,9.839364072075035
2024-01-23 07:00:00,3.2731052387998507,2.247477425021915,2.8491793484534504,13.040494515886142
2024-01-23 08:00:00,4.102199747807379,2.370851788877752,3.542535791662473,10.496988290181056
2024-01-23 09:00:00,4.512954276759561,2.35056588104585,2.614081087452476,11.330020963363475
2024-01-23 10:00:00,5.130074739835375,2.1729024093297924,1.735313752413836,13.397710770341908
2024-01-23 11:00:00,4.369041743206707,1.8237442859704014,0.8885530381591852,13.327718484258543
2024-01-23 12:00:00,5.1664894102650685,1.8199187896963671,1.0077216302768734,14.94251754939023
2024-01-23 13:00:00,5.207232409643198,1.821456307981346,1.5229344711805362,12.151515032891163
2024-01-23 14:00:00,4.461900456969606,1.4602130641659619,0.4296668935537946,11.44759996600022
2024-01-23 15:00:00,4.067101670640403,1.4887366706688032,0.961070340102062,11.38872270869978
2024-01-23 16:00:00,3.3962563463945905,1.8343335969113685,1.6297579247854455,13.502116809140684
2024-01-23 17:00:00,2.9870041373031753,1.416302995245088,1.4070397876710585,20.762796094789415
2024-01-23 18:00:00,1.9147846181797035,1.6669945051109198,3.8890817919487564,25.545126656341868
2024-01-23 19:00:00,1.1472064121002246,2.002070176246116,4.331073773563232,24.371454086808864
2024-01-23 20:00:00,0.9921654139983294,1.867690936374619,4.596209334368462,22.972424091906987
2024-01-23 21:00:00,0.7808486330023463,1.8642002179436419,3.5181204688684193,18.720833527600647
2024-01-23 22:00:00,0.0,1.657148419219227,1.7473469839051416,10.769282276654996
2024-01-23 23:00:00,0.0,1.7975483632602705,0.49976574109951977,11.992027836248212
2024-01-24 00:00:00,0.5018118801197482,2.0564860025644216,0.9842611829088002,7.449488715663628
2024-01-24 01:00:00,0.021704842786504655,1.9358880048807519,1.8276064095979585,8.954511443568185
2024-01-24 02:00:00,0.0,2.0288060500958642,1.6751367867423923,8.753074078768469
2024-01-24 03:00:00,0.7152966673920641,1.954542222238243,1.2438196236173833,8.267241326654561
2024-01-24 04:00:00,1.0167349011370534,1.8045088378730443,1.3698039527599633,7.995723940543703
2024-01-24 05:00:00,1.6213912393892764,2.007019331850523,1.9031770508300232,6.47524208518508
2024-01-24 06:00:00,2.791951017062511,1.774615284832346,1.6127867469403587,7.651892990521906
2024-01-24 07:00:00,3.3237463614684537,1.7154960683554703,3.0630756520129157,13.47015484777186
2024-01-24 08:00:00,4.0317306568337665,1.8223529481642817,3.532359612420203,13.293639037471765
2024-01-24 09:00:00,4.491073938141907,2.05664284370672,3.274032971851491,10.554542298473095
2024-01-24 10:00:00,4.962800302862359,2.342995814818845,1.8192877127085325,11.57053205160306
2024-01-24 11:00:00,5.2089008284472325,2.40411201628671,2.046499673861847,11.065216905234681
2024-01-24 12:00:00,5.291333056562031,2.2256414516090572,1.3680461060215574,11.77795651326456
2024-01-24 13:00:00,4.548199391377993,2.1810008292061602,1.2322269162768982,13.033402545294981
2024-01-24 14:00:00,4.334025639067963,2.336086199004417,1.5861248839629432,11.45830584493784
2024-01-24 15:00:00,3.8638188034384053,2.3026445665508946,1.8322513683128039,11.54485425366111
2024-01-24 16:00:00,3.5523009005858115,2.2252688764233284,1.2402626228125762,12.65958058331175
2024-01-24 17:00:00,2.714364293663431,2.059190762640819,1.2970625822822481,18.18705940599751
2024-01-24 18:00:00,1.7674619956430369,2.060732665811249,3.4418181482331023,22.624839678831997
2024-01-24 19:00:00,1.058618764320061,2.0934447476687095,3.976058504084682,26.58621965898503
2024-01-24 20:00:00,0.6515529354017279,2.1218393450604,4.797251401787583,23.419265153211494
2024-01-24 21:00:00,0.5395593793492587,2.0346191846076063,3.7933057797846015,20.202914619991034
2024-01-24 22:00:00,0.0,2.1541286953400416,1.5161094035547895,11.958370627756032
2024-01-24 23:00:00,0.2479866476267208,2.382674207839033,1.4709864529193657,12.269525596178187
2024-01-25 00:00:00,0.0,2.1102962573142627,1.1600404001986455,8.56379462974213
2024-01-25 01:00:00,0.23692685325321727,2.1604452864411683,1.1570653442238763,8.256706966530825
2024-01-25 02:00:00,0.38396973957146374,2.2665988366042478,1.7441554845442786,7.641030527508464
2024-01-25 03:00:00,0.9715024077284223,2.466686730442949,1.2284285877935304,8.108124930548337
2024-01-25 04:00:00,1.7933415736834182,2.3593146802223153,2.292953461047695,7.533971691487549
2024-01-25 05:00:00,2.2007190368264604,2.160463002519174,1.7443682830123521,8.169868143826928
2024-01-25 06:00:00,3.006615317456689,2.5069049486340043,1.4143451577830297,8.038926055085645
2024-01-25 07:00:00,3.218221862520176,2.3994128774074364,2.9198743692742877,13.304882066744938
2024-01-25 08:00:00,4.261706044439635,2.2452205663219273,3.0176761464146677,12.063475535322546
2024-01-25 09:00:00,4.579277948922664,1.966677951936676,2.4782840938035893,13.495224531392758
2024-01-25 10:00:00,4.872753292217226,2.0214007146909143,1.7831664442873063,11.265353684309215
2024-01-25 11:00:00,4.772027311396226,2.193142627854922,2.143188505905129,11.285557128024353
2024-01-25 12:00:00,5.007301988277636,2.0802480990778074,1.3738834022382633,12.4096791250947
2024-01-25 13:00:00,5.444544360633585,2.2230449126376373,1.926906249065945,11.761806041791603
2024-01-25 14:00:00,4.547823053247112,2.3629603354060325,1.295467566914255,10.940341490637449
2024-01-25 15:00:00,4.101163319632428,2.6144776175145448,1.6166512376283817,12.41032960712503
2024-01-25 16:00:00,3.4847377783490927,2.64294503183941,0.6560443950103728,12.377133117958714
2024-01-25 17:00:00,2.9460051496960156,2.7382187024580382,1.0351920205068494,20.49575031636458
2024-01-25 18:00:00,2.0453381377480766,2.814155430384844,4.1739283019789335,24.603565955710344
2024-01-25 19:00:00,1.3030422859468338,2.687283121024533,4.134407872085251,24.906898547962484
2024-01-25 20:00:00,0.6920302116285978,2.4246728589335604,4.787854341680214,21.023741164489405
2024-01-25 21:00:00,0.5676927371120697,2.0890400544091574,3.238197346111332,18.55545286360634
2024-01-25 22:00:00,0.07432533792852808,2.0833342525134095,2.4021369536075277,12.547949205451877
2024-01-25 23:00:00,0.0,2.057615207301897,1.2611400306949414,11.392108329776095
2024-01-26 00:00:00,0.4455411881095742,2.140462419612671,1.8715660296272754,9.068164319588504
2024-01-26 01:00:00,0.35128502222951685,2.119155716213459,1.7702866221359148,8.634667228661018
2024-01-26 02:00:00,0.3969393946625527,2.265184085175502,0.8628095477301679,7.619890219484552
2024-01-26 03:00:00,0.8011040407221719,2.4046190058738826,2.007453810341481,6.2651631019451886
2024-01-26 04:00:00,1.6144918821147387,2.148918334437481,1.678710063452761,8.085514452752983
2024-01-26 05:00:00,1.9396855939855497,2.1123601525913482,2.458889420825178,8.238235901807615
2024-01-26 06:00:00,2.7111347825841525,1.8722943157988825,1.572887800500127,9.76313909311365
2024-01-26 07:00:00,3.2307852604879295,1.6355192053647325,2.507749753125142,11.79911928245989
2024-01-26 08:00:00,3.9925498701719437,1.716943398048638,3.8539147144026527,11.676227269800815
2024-01-26 09:00:00,4.115295152829885,1.6485505676309293,2.9381573163080366,13.042984479423042
2024-01-26 10:00:00,4.327811448173196,1.9026174733117163,0.9497251665482627,10.806267621617268
2024-01-26 11:00:00,4.829784104721279,2.0028668684289688,1.087313995288874,12.587961337604563
2024-01-26 12:00:00,4.870418144885985,2.2709223004466526,2.018531055713688,12.7428461116495
2024-01-26 13:00:00,4.716204291331897,2.5372945351894374,1.909871760141921,11.362237601032739
2024-01-26 14:00:00,4.792176846435269,2.622827458357898,2.5579610928242706,11.792926867704633
2024-01-26 15:00:00,3.79617000627105,2.570065761237234,1.3382841934188265,10.615258361462553
2024-01-26 16:00:00,3.5859804895593497,2.6991192929310492,1.6341738206731922,12.823601595578758
2024-01-26 17:00:00,2.6337771599709616,2.5594313991051423,1.285462964268953,21.17371942373294
2024-01-26 18:00:00,1.9526353043138336,2.247080301187802,3.9165906446305803,25.31141047709277
2024-01-26 19:00:00,1.615324295253783,2.1151910959475813,4.162586811625182,24.308858207481222
2024-01-26 20:00:00,0.47361945865758487,1.8737027854351889,3.628503267395655,19.845599224879724
2024-01-26 21:00:00,0.6061070354295143,1.71895078653542,3.5509940848751382,20.09067211684534
2024-01-26 22:00:00,0.0,1.4441708878723214,0.9432131501615434,11.622193809648305
2024-01-26 23:00:00,0.0,1.3066219180649445,1.9169223657206567,12.981695638412361
2024-01-27 00:00:00,0.31757974104658615,1.302175081875791,1.6961004957708814,7.4136401955575035
2024-01-27 01:00:00,0.22586525892516363,1.3867843590670175,1.2905577656171452,6.77234365729604
2024-01-27 02:00:00,0.6619333559745704,1.5425022713556222,1.8602083081083758,8.092404435932842
2024-01-27 03:00:00,1.0707871919634968,1.7912615476117353,0.9680049118427165,9.02401535441601
2024-01-27 04:00:00,1.2938903451360533,1.6313771116585645,1.243290772827866,10.129308341192624
2024-01-27 05:00:00,2.156255158690348,1.7490948227564138,0.54296755686203,8.334704424733397
2024-01-27 06:00:00,2.5116525258694113,1.8245426486517067,1.6964698899115134,8.050374242857647
2024-01-27 07:00:00,2.7727454027104197,1.8647874132966153,2.3312382462633803,13.874512984425138
2024-01-27 08:00:00,4.26026993315086,1.4257354785492933,3.448675392458778,11.99678514349145
2024-01-27 09:00:00,4.9732183783517305,1.257701870992116,3.118129389970145,13.064332431455856
2024-01-27 10:00:00,4.928942373808411,1.3503093181302397,1.4536677797760873,12.19037894880426
2024-01-27 11:00:00,4.8128644957341065,1.807626666451552,1.0692272316278084,11.071204968033337
2024-01-27 12:00:00,4.8463313818368094,1.9549308988100826,0.9224423361017923,10.891552913138636
2024-01-27 13:00:00,4.873673652378146,1.8530271703000771,1.9159830693365463,11.545775280355414
2024-01-27 14:00:00,4.131447324803582,2.3564746757826325,1.3642315737433723,12.69199078561408
2024-01-27 15:00:00,3.551558587639876,2.963913971723496,1.3771637891974655,10.996944846825878
2024-01-27 16:00:00,3.979181640974452,2.772646550013098,1.2761225200662696,10.14553692970798
2024-01-27 17:00:00,2.1113582495071572,2.4099390105857137,1.4344106185646637,20.748759930956506
2024-01-27 18:00:00,2.512084623161888,2.1132747303776314,4.136299187536302,23.793028335571382
2024-01-27 19:00:00,0.9780526446677709,2.0250511884436504,4.398514190899355,26.48213739506112
2024-01-27 20:00:00,0.24684475570456132,1.8282060599619847,4.094281884617638,22.722274744567542
2024-01-27 21:00:00,0.6432568479329323,1.361732333108752,3.5967467569601115,20.3909372726435
2024-01-27 22:00:00,0.203335705959442,1.2815261309714476,2.0508577862294968,12.506251768755206
2024-01-27 23:00:00,0.0,1.0022386881415677,2.2717728953241045,11.927392008145961
2024-01-28 00:00:00,0.6887171918420001,1.2487840152894838,1.7281238446244755,8.883258511933512
2024-01-28 01:00:00,0.6498657750188142,1.5199921139720658,1.6850681112113173,8.622428311623418
2024-01-28 02:00:00,0.5161590786448755,1.5990368059496713,1.5669052332536295,9.239965301342842
2024-01-28 03:00:00,1.030917636354397,1.531598311762582,1.666203158281732,5.875161062498451
2024-01-28 04:00:00,1.332355343617875,2.1270174831687054,0.9267041851389123,9.000825765512339
2024-01-28 05:00:00,2.2638681184925122,2.31562467019551,1.4472144496081063,7.820372768412352
2024-01-28 06:00:00,2.7871956403244798,2.201028119498704,1.2134420497632608,6.678945260526346
2024-01-28 07:00:00,3.0365212306710907,2.064340222114916,2.3047248911149847,11.803315386037019
2024-01-28 08:00:00,3.7596148187146237,1.916166515162817,3.865895329182626,10.608515418283421
2024-01-28 09:00:00,5.054138477215015,2.2552110645485386,2.8194720815856296,11.840206832784448
2024-01-28 10:00:00,4.648360911838423,1.903198427433075,1.9817907815017168,11.393288322808035
2024-01-28 11:00:00,5.214211396436004,2.2948820201659403,1.6323768822536586,11.992240428580443
2024-01-28 12:00:00,5.1400322809109475,2.146114496757314,1.3542046892520747,12.59256413998635
2024-01-28 13:00:00,4.9041270830371175,2.7106686429108175,1.289728510526375,12.76461463365713
2024-01-28 14:00:00,4.528833670140689,2.818209378890977,0.9440621708343676,12.257476646746515
2024-01-28 15:00:00,4.042065719872634,2.412488007101096,1.7143892920628598,12.76942846150977
2024-01-28 16:00:00,3.951040784741048,2.6107681081233705,1.5268569918507846,11.276033928926473
2024-01-28 17:00:00,2.6994404575527122,2.0649464211401773,1.7019699349755468,20.206864175014097
2024-01-28 18:00:00,1.7562930544593653,2.193950719029986,4.483578560740793,25.48380001457054
2024-01-28 19:00:00,0.8301272272808572,1.6085733718767232,4.319476783450391,24.71549067496338
2024-01-28 20:00:00,1.128518221671042,1.9123044802736338,3.6348270253028128,20.192096901237356
2024-01-28 21:00:00,0.4344794824782967,2.2515471671295058,3.977363541429972,19.36401840636912
2024-01-28 22:00:00,0.25739970804647916,2.069973854260146,1.6531215048505368,13.896868316244344
2024-01-28 23:00:00,0.14876549180609908,2.1757903797240954,1.6833016129374518,11.662335628846648
2024-01-29 00:00:00,0.49212497439300784,2.341233119177238,1.661478237042275,8.651144159389945
2024-01-29 01:00:00,0.19940072848164025,2.2753726549694684,1.5603962207382027,6.730207723405984
2024-01-29 02:00:00,0.23456362452770096,2.0458571739892397,1.5519568709930498,9.79127276448558
2024-01-29 03:00:00,0.7172294860749221,2.112122272705314,1.6958027741801331,10.138650014820149
2024-01-29 04:00:00,1.6920315764933018,2.006060909274408,1.4139454952327974,8.989275232308438
2024-01-29 05:00:00,1.872245021949772,1.9552182719027005,0.6420818240917734,9.44867741601228
2024-01-29 06:00:00,2.421141780786958,2.1078919087439063,1.25190564762574,9.591147726670846
2024-01-29 07:00:00,3.4474584452804655,2.1054614376725076,2.943585226644813,9.663365094576243
2024-01-29 08:00:00,3.506824103067289,2.002099117549648,3.368407931298265,10.386895616373907
2024-01-29 09:00:00,3.7680287334610756,1.5544634396382957,2.7311947732113655,11.164426446667179
2024-01-29 10:00:00,4.7132610660029455,1.9548037948279327,1.9381652347704046,12.444586067941266
2024-01-29 11:00:00,4.591275626971602,1.8568416140711843,1.653986884157089,12.639825530460328
2024-01-29 12:00:00,4.855781335603126,1.7742531962542303,1.418414288519624,12.648761904077999
2024-01-29 13:00:00,4.563388378184462,1.825242160698734,1.4245736142882193,13.398721544290803
2024-01-29 14:00:00,4.535528521635442,1.6418045495998965,1.3292158378231174,13.138710646641384
2024-01-29 15:00:00,4.231337184184402,1.732257267599044,1.5243332216033412,13.729742472015598
2024-01-29 16:00:00,3.444796523207576,1.4644239324080301,0.965987721109968,11.295398363527172
2024-01-29 17:00:00,2.309053426063188,1.930811683802907,1.2253578650548067,19.92115509440042
2024-01-29 18:00:00,2.379634921268674,1.9553184355717876,4.448889156541043,25.345410736280044
2024-01-29 19:00:00,1.253343687089985,2.040042666770986,4.721396255705716,25.953631545882153
2024-01-29 20:00:00,0.8446031176636174,1.872863044032508,4.285937596243128,21.983130905440714
2024-01-29 21:00:00,0.4105815681157364,1.9683736654010298,3.296240710138608,20.146794351316796
2024-01-29 22:00:00,0.0,2.1519779516562045,0.9387115691274971,13.105912317286744
2024-01-29 23:00:00,0.2895091946714293,1.7606430666107382,1.1077506416852803,12.424709572891775
2024-01-30 00:00:00,0.0,1.7983621245224157,1.3913019654691339,7.866133561622352
2024-01-30 01:00:00,0.04090775042839755,1.6415438004845935,0.5214842081629821,9.771818411668622
2024-01-30 02:00:00,0.0,1.8077826564095674,1.7695203911604873,8.456709346419757
2024-01-30 03:00:00,1.0064430966405384,1.6574673235643465,1.4731842597803357,8.729283339270273
2024-01-30 04:00:00,1.6399097146036057,1.4496838453751877,1.8189829248462845,7.953440927269668
2024-01-30 05:00:00,2.1910987078071407,1.244342411041485,1.7466628177558947,7.875574685584884
2024-01-30 06:00:00,2.7136459363361425,1.1539915493303534,1.5615159853336986,9.150234086755344
2024-01-30 07:00:00,3.1802128080516003,1.2906897530055463,2.4425048732422594,12.79941642698087
2024-01-30 08:00:00,4.475678365532881,1.3964200845820638,3.320030439219664,10.521023563973099
2024-01-30 09:00:00,4.600569031333942,1.8190186631137226,3.0000061866902286,11.922022102721224
2024-01-30 10:00:00,4.774304258111679,1.7533143489393854,2.1818610150397073,11.07907676393356
2024-01-30 11:00:00,5.04701428795582,2.348181755052856,2.03215109893423,14.673660336535612
2024-01-30 12:00:00,4.742801992779245,2.1696190852788524,1.3930180498702616,12.349171913991988
2024-01-30 13:00:00,4.78095199147254,2.1208380657523302,0.7348621548321599,12.948725851020042
2024-01-30 14:00:00,4.303697182299562,2.228566879396955,1.1700977632170262,12.424731867226136
2024-01-30 15:00:00,3.68603187363664,2.1525155998605165,1.655091398597178,11.322146094359228
2024-01-30 16:00:00,3.1337322173812265,2.174592825326538,1.8257401930103452,11.724255199929209
2024-01-30 17:00:00,2.7794838392189067,1.7707565355111317,0.6138351732133257,20.025671030770802
2024-01-30 18:00:00,2.1808617967443156,1.8216206986377979,4.076195150216002,24.838204022221284
2024-01-30 19:00:00,1.1850041826786613,2.060566929186671,4.602189818198087,23.761025592297187
2024-01-30 20:00:00,0.8204281681629564,2.054298356181475,3.6999960437583574,20.233912707149724
2024-01-30 21:00:00,0.586313956032692,2.1527592571683116,3.9752065466343094,20.364353126914164
2024-01-30 22:00:00,0.16612029309900384,2.3515786619381487,1.260433685053044,11.89857754315361
2024-01-30 23:00:00,0.1361367703258132,2.6348569076612507,0.5055941781387312,11.528275153057969
